﻿{
  "auth.failed": "Autenticación fallida",
  "tenant.invalid": "Inquilino no válido.",
  "tenant.expired": "La validez del inquilino ha expirado. Comuníquese con el administrador de la aplicación.",
  "tenant.inactive": "El inquilino no está activo. Comuníquese con el administrador de la aplicación.",
  "caching.added": "Caché agregado: {0}",
  "caching.refreshed": "Caché actualizado: {0}",
  "identity.usernotfound": "Usuario no encontrado",
  "identity.usernotactive": "Usuario no activo. Póngase en contacto con el administrador",
  "identity.emailnotconfirmed": "Correo electrónico no confirmado",
  "identity.invalidcredentials": "Las credenciales proporcionadas no son válidas.",
  "identity.invalidtoken": "Token no válido",
  "entity.notfound": "{0} {1} No encontrado",
  "product.alreadyexists": "El producto {0} ya existe",
  "exceptionmiddleware.supportmessage": "Proporcione el ErrorId al equipo de soporte para un análisis más detallado."
}