{
  "Logging": {
    "LogLevel": {
      "Default": "Information",
      "Hangfire": "Warning",
      "Microsoft": "Warning",
      "Microsoft.Hosting.Lifetime": "Information"
    }
  },
  "Serilog": {
    "Using": [],
    "Enrich": [
      "FromLogContext",
      "WithMachineName",
      "WithProcessId",
      "WithThreadId",
      "WithHangfireContext"
    ],
    "MinimumLevel": {
      "Default": "Information",
      "Override": {
        "Hangfire": "Warning",
        "Microsoft": "Error",
        "Microsoft.Hosting.Lifetime": "Information",
        "System": "Information"
      }
    },
    "Properties": {
      "Application": "DN.WebApi"
    },
    "WriteTo": [
      {
        "Args": {
          "path": "Logs/logs.json",
          "formatter": "Serilog.Formatting.Json.JsonFormatter, Serilog",
          "rollingInterval": "Day",
          "restrictedToMinimumLevel": "Information",
          "retainedFileCountLimit": 5
        },
        "Name": "File"
      },
      {
        "Name": "Seq",
        "Args": {
          "serverUrl": "http://localhost:5341"
        }
      },
      {
        "Name": "Hangfire"
      },
      {
        "Name": "Elasticsearch",
        "Args": {
          "nodeUris": "http://localhost:9200;",
          "indexFormat": "DN.WebApi-logs-{0:yyyy.MM}",
          "numberOfShards": 2,
          "numberOfReplicas": 1,
          "restrictedToMinimumLevel": "Information"
        }
      }
    ]
  }
}