{
  "SecuritySettings": {
    "Provider": "Jwt",
    "JwtSettings": {
      "key": "S0M3RAN0MS3CR3T!1!MAG1C!1!",
      "tokenExpirationInMinutes": 60,
      "refreshTokenExpirationInDays": 7
    },
    "AzureAd": {
      "Instance": "https://login.microsoftonline.com/",
      "Domain": "<Your Domain>.onmicrosoft.com",
      "TenantId": "organizations",
      "ClientId": "<Your ClientId of the AzureAd Server App Registration>",
      "Scopes": "access_as_user",
      "RootIssuer": "https://sts.windows.net/<Your AzureAd TenantId>/"
    },
    "Swagger": {
      "AuthorizationUrl": "https://login.microsoftonline.com/organizations/oauth2/v2.0/authorize",
      "TokenUrl": "https://login.microsoftonline.com/organizations/oauth2/v2.0/token",
      "ApiScope": "api://<Your ClientId of the AzureAd Server App Registration>/access_as_user",
      "OpenIdClientId": "<Your ClientId of the AzureAd Client App Registration>"
    }
  }
}